id,site_id,title,price,sale_price,currency_id,available_quantity,sold_quantity,buying_mode,listing_type_id,stop_time,condition,permalink,thumbnail,thumbnail_id,accepts_mercadopago,original_price,category_id,official_store_id,domain_id,catalog_product_id,order_backend,use_thumbnail_id,offer_score,offer_share,match_score,winner_item_id,melicoin,seller_id,seller_permalink,seller_registration_date,seller_car_dealer,seller_real_estate_agency,seller_tags,prices_id,prices_prices,prices_presentation,prices_payment_method_prices,prices_reference_prices,prices_purchase_discounts,installments_quantity,installments_amount,installments_rate,installments_currency_id,address_state_id,address_state_name,address_city_id,address_city_name,shipping_free_shipping,shipping_mode,shipping_tags,shipping_logistic_type,shipping_store_pick_up,seller_address_id,seller_address_comment,seller_address_address_line,seller_address_zip_code,seller_address_country_name,seller_address_state_name,seller_address_city_name,seller_address_latitude,seller_address_longitude,NUM_ATTRIBUTEs,BRAND,ITEM_CONDITION,MODEL,num_tags,best_seller_candidate,loyalty_discount_eligible,good_quality_picture
MCO574013966,MCO,Pasta Térmica Disipadora Arctic Mx-4 4g Original Sellada,31990,,COP,200,500,buy_it_now,gold_special,2041-11-08T01:19:32.000Z,new,https://articulo.mercadolibre.com.co/MCO-574013966-pasta-termica-disipadora-arctic-mx-4-4g-original-sellada-_JM,http://http2.mlstatic.com/D_972045-MCO47399409884_092021-O.jpg,972045-MCO47399409884_092021,True,,MCO441525,,MCO-DESKTOP_COMPUTER_COOLERS_AND_FANS,,50,False,,,,,,585784977,,,False,False,,MCO574013966,"[{'id': '37', 'type': 'standard', 'amount': 31990, 'regular_amount': None, 'currency_id': 'COP', 'last_updated': '2022-02-14T20:51:32Z', 'conditions': {'context_restrictions': [], 'start_time': None, 'end_time': None, 'eligible': True}, 'exchange_rate_context': 'DEFAULT', 'metadata': {}}, {'id': '35', 'type': 'promotion', 'amount': 31340, 'regular_amount': 32990, 'currency_id': 'COP', 'last_updated': '2021-12-15T15:24:19Z', 'conditions': {'context_restrictions': ['channel_marketplace'], 'start_time': '2021-12-19T11:00:00Z', 'end_time': '2021-12-19T17:00:00Z', 'eligible': True}, 'exchange_rate_context': 'DEFAULT', 'metadata': {'promotion_id': '1319683-MCO574013966', 'promotion_type': 'lightning'}}]",{'display_currency': 'COP'},[],[],[],36,888.61,0,COP,CO-ANT,Antioquia,TUNPQ01FRGRjNjc4,Medellín,False,me2,['fulfillment'],fulfillment,False,,,,,Colombia,Antioquia,Medellín,,,4,Artic,Nuevo,Mx-4,5,0,0,1
MCO613997672,MCO,Disco Duro Interno Western Digital Wd Purple Wd10purz 1tb Púrpura,205900,,COP,9,146,buy_it_now,gold_pro,2041-03-24T04:00:00.000Z,new,https://www.mercadolibre.com.co/disco-duro-interno-western-digital-wd-purple-wd10purz-1tb-purpura/p/MCO7942172,http://http2.mlstatic.com/D_828269-MLA46257539129_062021-I.jpg,828269-MLA46257539129_062021,True,,MCO1672,,MCO-HARD_DRIVES_AND_SSDS,MCO7942172,49,True,,,,,,553694322,,,False,False,,MCO613997672,"[{'id': '28', 'type': 'standard', 'amount': 205900, 'regular_amount': None, 'currency_id': 'COP', 'last_updated': '2022-02-15T12:37:23Z', 'conditions': {'context_restrictions': [], 'start_time': None, 'end_time': None, 'eligible': True}, 'exchange_rate_context': 'DEFAULT', 'metadata': {}}]",{'display_currency': 'COP'},[],[],[],12,17158.33,0,COP,CO-DC,Bogotá D.C.,TUNPQ1NBTjkyOTU1,Santa Fe,True,me2,"['self_service_in', 'mandatory_free_shipping']",xd_drop_off,False,,,,,Colombia,Bogotá D.C.,Santa Fe,,,5,Western Digital,Nuevo,WD10PURZ,4,1,0,1
MCO591794923,MCO,"Tarjeta De Sonido Por Usb, Calidad 5.1",4500,,COP,1,250,buy_it_now,gold_special,2041-04-17T19:12:52.000Z,new,https://articulo.mercadolibre.com.co/MCO-591794923-tarjeta-de-sonido-por-usb-calidad-51-_JM,http://http2.mlstatic.com/D_952921-MCO45330611068_032021-O.jpg,952921-MCO45330611068_032021,True,,MCO4119,,MCO-SOUND_CARDS,,48,False,,,,,,650154251,,,False,False,,MCO591794923,"[{'id': '2', 'type': 'standard', 'amount': 4500, 'regular_amount': None, 'currency_id': 'COP', 'last_updated': '2021-04-23T16:36:30Z', 'conditions': {'context_restrictions': [], 'start_time': None, 'end_time': None, 'eligible': True}, 'exchange_rate_context': 'DEFAULT', 'metadata': {}}]",{'display_currency': 'COP'},[],[],[],36,125.0,0,COP,CO-SAN,Santander,TUNPQ0JVQzkzMTE4,Bucaramanga,False,me2,['fulfillment'],fulfillment,False,,,,,Colombia,Santander,Bucaramanga,,,3,Jedel,Nuevo,,5,0,0,1
MCO839474612,MCO,Disco Duro Interno Seagate Barracuda St4000dm004 4tb,389900,,COP,1,10,buy_it_now,gold_special,2042-01-29T18:19:13.000Z,new,https://www.mercadolibre.com.co/disco-duro-interno-seagate-barracuda-st4000dm004-4tb/p/MCO7951958,http://http2.mlstatic.com/D_972264-MLA45260511773_032021-I.jpg,972264-MLA45260511773_032021,True,,MCO1672,,MCO-HARD_DRIVES_AND_SSDS,MCO7951958,47,True,,,,,,118463157,,,False,False,,MCO839474612,"[{'id': '24', 'type': 'standard', 'amount': 389900, 'regular_amount': None, 'currency_id': 'COP', 'last_updated': '2022-02-16T20:06:50Z', 'conditions': {'context_restrictions': [], 'start_time': None, 'end_time': None, 'eligible': True}, 'exchange_rate_context': 'DEFAULT', 'metadata': {}}]",{'display_currency': 'COP'},[],[],[],36,10830.56,0,COP,CO-ANT,Antioquia,TUNPQ01FRGRjNjc4,Medellín,True,me2,['mandatory_free_shipping'],xd_drop_off,False,,,,,Colombia,Antioquia,Medellín,,,5,Seagate,Nuevo,ST4000DM004,5,1,1,1
MCO621513162,MCO,Chasis Caja Iceberg Flux Pro Rgb Vidrio Templado + Fan 120mm,269900,,COP,1,25,buy_it_now,gold_pro,2041-11-27T15:18:10.000Z,new,https://articulo.mercadolibre.com.co/MCO-621513162-chasis-caja-iceberg-flux-pro-rgb-vidrio-templado-fan-120mm-_JM,http://http2.mlstatic.com/D_604862-MCO45851733728_052021-O.jpg,604862-MCO45851733728_052021,True,,MCO441521,463,MCO-DESKTOP_COMPUTER_CASES,,46,False,,,,,,303138824,,,False,False,,MCO621513162,"[{'id': '1', 'type': 'standard', 'amount': 269900, 'regular_amount': None, 'currency_id': 'COP', 'last_updated': '2021-05-07T14:12:45Z', 'conditions': {'context_restrictions': [], 'start_time': None, 'end_time': None, 'eligible': True}, 'exchange_rate_context': 'DEFAULT', 'metadata': {}}]",{'display_currency': 'COP'},[],[],[],12,22491.67,0,COP,CO-DC,Bogotá D.C.,TUNPQ0JBUjEyNTcx,Barrios Unidos,True,me2,"['fulfillment', 'self_service_in', 'mandatory_free_shipping']",fulfillment,False,,,,,Colombia,Bogotá D.C.,Barrios Unidos,,,5,Iceberg,Nuevo,Flux Pro RGB,7,1,1,1
MCO657209744,MCO,Tarjeta De Video Nvidia Gigabyte  Geforce 700 Series Gt 730 Gv-n730d5-2gi (rev 2.0) 2gb,485234,,COP,1,3,buy_it_now,gold_special,2041-08-13T04:00:00.000Z,new,https://www.mercadolibre.com.co/tarjeta-de-video-nvidia-gigabyte-geforce-700-series-gt-730-gv-n730d5-2gi-rev-20-2gb/p/MCO15979406,http://http2.mlstatic.com/D_660483-MLA45807279568_052021-I.jpg,660483-MLA45807279568_052021,True,,MCO1658,,MCO-GRAPHICS_CARDS,MCO15979406,45,True,,,,,,512172369,,,False,False,,MCO657209744,"[{'id': '3', 'type': 'standard', 'amount': 485234, 'regular_amount': None, 'currency_id': 'COP', 'last_updated': '2022-02-11T18:08:10Z', 'conditions': {'context_restrictions': [], 'start_time': None, 'end_time': None, 'eligible': True}, 'exchange_rate_context': 'DEFAULT', 'metadata': {}}]",{'display_currency': 'COP'},[],[],[],36,13478.72,0,COP,CO-DC,Bogotá D.C.,TUNPQ0NIQTk2OTI1,Chapinero,True,me2,"['self_service_in', 'mandatory_free_shipping']",cross_docking,False,,,,,Colombia,Bogotá D.C.,Chapinero,,,3,Gigabyte,Nuevo,GT 730,4,0,1,1
MCO616458048,MCO,Disco Duro Externo Adata Ahd330-1tu31 1tb Negro,234900,,COP,4,142,buy_it_now,gold_special,2041-04-07T04:00:00.000Z,new,https://www.mercadolibre.com.co/disco-duro-externo-adata-ahd330-1tu31-1tb-negro/p/MCO10612357,http://http2.mlstatic.com/D_611495-MLA45268999516_032021-I.jpg,611495-MLA45268999516_032021,True,241900,MCO1672,152,MCO-HARD_DRIVES_AND_SSDS,MCO10612357,44,True,,,,,,715777352,,,False,False,,MCO616458048,"[{'id': '44', 'type': 'standard', 'amount': 241900, 'regular_amount': None, 'currency_id': 'COP', 'last_updated': '2022-01-31T01:51:33Z', 'conditions': {'context_restrictions': [], 'start_time': None, 'end_time': None, 'eligible': True}, 'exchange_rate_context': 'DEFAULT', 'metadata': {}}, {'id': '45', 'type': 'promotion', 'amount': 225900, 'regular_amount': 241900, 'currency_id': 'COP', 'last_updated': '2022-02-15T22:01:13Z', 'conditions': {'context_restrictions': ['channel_marketplace'], 'start_time': '2022-02-15T22:00:00Z', 'end_time': '2022-03-01T04:00:00Z', 'eligible': True}, 'exchange_rate_context': 'DEFAULT', 'metadata': {'campaign_id': 'P-MCO4033002', 'promotion_id': 'MCO616458048-7c30f68c-dc6e-4afb-8719-5eda67cdfb44', 'promotion_type': 'marketplace_campaign', 'discount_meli_amount': 9000, 'campaign_discount_percentage': 6.61, 'campaign_end_date': '2022-03-01T04:00:00Z', 'order_item_price': 234900}}]",{'display_currency': 'COP'},[],[],[],36,6525.0,0,COP,CO-DC,Bogotá D.C.,TUNPQ0NIQTk2OTI1,Chapinero,True,me2,"['fulfillment', 'self_service_in', 'mandatory_free_shipping']",fulfillment,False,,,,,Colombia,Bogotá D.C.,Chapinero,,,8,Adata,Nuevo,AHD330-1TU31,6,1,0,1
MCO841975009,MCO,Disco Duro Interno Western Digital Wd Purple Wd20purx 2tb Púrpura,299716,,COP,86,14,buy_it_now,gold_special,2041-12-23T21:27:20.000Z,new,https://www.mercadolibre.com.co/disco-duro-interno-western-digital-wd-purple-wd20purx-2tb-purpura/p/MCO6140852,http://http2.mlstatic.com/D_722202-MLA45260447342_032021-I.jpg,722202-MLA45260447342_032021,True,,MCO1672,,MCO-HARD_DRIVES_AND_SSDS,MCO6140852,43,True,,,,,,246148347,,,False,False,,MCO841975009,"[{'id': '4', 'type': 'standard', 'amount': 299716, 'regular_amount': None, 'currency_id': 'COP', 'last_updated': '2022-01-10T15:46:43Z', 'conditions': {'context_restrictions': [], 'start_time': None, 'end_time': None, 'eligible': True}, 'exchange_rate_context': 'DEFAULT', 'metadata': {}}]",{'display_currency': 'COP'},[],[],[],36,8325.44,0,COP,CO-ANT,Antioquia,TUNPQ01FRGRjNjc4,Medellín,True,me2,['mandatory_free_shipping'],cross_docking,False,,,,,Colombia,Antioquia,Medellín,,,5,Western Digital,Nuevo,WD20PURX,3,0,0,1
MCO630811168,MCO,Memoria Ram Color Azul  8gb 1 Sk Hynix Hmt41gs6bfr8a-pb,161313,,COP,5,228,buy_it_now,gold_special,2041-05-29T04:00:00.000Z,new,https://www.mercadolibre.com.co/memoria-ram-color-azul-8gb-1-sk-hynix-hmt41gs6bfr8a-pb/p/MCO10082987,http://http2.mlstatic.com/D_638975-MLA49041689603_022022-I.jpg,638975-MLA49041689603_022022,True,,MCO1694,,MCO-RAM_MEMORY_MODULES,MCO10082987,42,True,,,,,,512172369,,,False,False,,MCO630811168,"[{'id': '14', 'type': 'standard', 'amount': 161313, 'regular_amount': None, 'currency_id': 'COP', 'last_updated': '2022-02-11T18:03:11Z', 'conditions': {'context_restrictions': [], 'start_time': None, 'end_time': None, 'eligible': True}, 'exchange_rate_context': 'DEFAULT', 'metadata': {}}]",{'display_currency': 'COP'},[],[],[],36,4480.92,0,COP,CO-DC,Bogotá D.C.,TUNPQ0NIQTk2OTI1,Chapinero,True,me2,"['self_service_in', 'mandatory_free_shipping']",cross_docking,False,,,,,Colombia,Bogotá D.C.,Chapinero,,,3,SK hynix,Nuevo,HMT41GS6BFR8A-PB,4,1,0,1
MCO566337057,MCO,Capturadora De Video Streaming Fhd Hd Hdmi 4k Usb 2 Xbox Ps4,80655,,COP,1,250,buy_it_now,gold_special,2040-06-07T04:00:00.000Z,new,https://articulo.mercadolibre.com.co/MCO-566337057-capturadora-de-video-streaming-fhd-hd-hdmi-4k-usb-2-xbox-ps4-_JM,http://http2.mlstatic.com/D_649560-MCO42187393782_062020-I.jpg,649560-MCO42187393782_062020,True,84900,MCO6932,,MCO-VIDEO_CAPTURE_DEVICES,,41,True,,,,,,3877113,,,False,False,,MCO566337057,"[{'id': '19', 'type': 'standard', 'amount': 84900, 'regular_amount': None, 'currency_id': 'COP', 'last_updated': '2021-11-08T22:12:48Z', 'conditions': {'context_restrictions': [], 'start_time': None, 'end_time': None, 'eligible': True}, 'exchange_rate_context': 'DEFAULT', 'metadata': {}}, {'id': '25', 'type': 'promotion', 'amount': 80655, 'regular_amount': 84900, 'currency_id': 'COP', 'last_updated': '2022-02-12T05:42:50Z', 'conditions': {'context_restrictions': ['channel_marketplace'], 'start_time': '2022-02-12T05:00:00Z', 'end_time': '2022-02-19T04:59:59Z', 'eligible': True}, 'exchange_rate_context': 'DEFAULT', 'metadata': {'promotion_id': '1606810-MCO566337057', 'promotion_type': 'custom'}}]",{'display_currency': 'COP'},[],[],[],36,2240.42,0,COP,CO-VAC,Valle Del Cauca,TUNPQ1BBTDJhYTA3,Palmira,True,me2,"['fulfillment', 'mandatory_free_shipping']",fulfillment,False,,,,,Colombia,Valle Del Cauca,Palmira,,,5,Asisttics,Nuevo,cap3hdmiusb2,7,1,1,1
MCO851616170,MCO,Disco Sólido Ssd Interno Adata Ultimate Su650 Asu650ss-240gt-r 240gb Negro,143000,,COP,9,37,buy_it_now,gold_special,2042-01-15T04:00:00.000Z,new,https://www.mercadolibre.com.co/disco-solido-ssd-interno-adata-ultimate-su650-asu650ss-240gt-r-240gb-negro/p/MCO15749699,http://http2.mlstatic.com/D_825558-MLA45261033776_032021-I.jpg,825558-MLA45261033776_032021,True,,MCO1672,,MCO-HARD_DRIVES_AND_SSDS,MCO15749699,40,True,,,,,,603582371,,,False,False,,MCO851616170,"[{'id': '6', 'type': 'standard', 'amount': 143000, 'regular_amount': None, 'currency_id': 'COP', 'last_updated': '2022-02-16T13:51:56Z', 'conditions': {'context_restrictions': [], 'start_time': None, 'end_time': None, 'eligible': True}, 'exchange_rate_context': 'DEFAULT', 'metadata': {}}]",{'display_currency': 'COP'},[],[],[],36,3972.22,0,COP,CO-ANT,Antioquia,TUNPQ01FRGRjNjc4,Medellín,True,me2,['mandatory_free_shipping'],xd_drop_off,False,,,,,Colombia,Antioquia,Medellín,,,5,Adata,Nuevo,ASU650SS-240GT-R,5,1,1,1
MCO638598593,MCO,Disco Duro Interno Western Digital  Wd10spzx 1tb Azul,165000,,COP,8,298,buy_it_now,gold_special,2041-07-08T18:33:35.000Z,new,https://www.mercadolibre.com.co/disco-duro-interno-western-digital-wd10spzx-1tb-azul/p/MCO10101451,http://http2.mlstatic.com/D_744187-MLA45796615051_052021-I.jpg,744187-MLA45796615051_052021,True,,MCO1672,,MCO-HARD_DRIVES_AND_SSDS,MCO10101451,39,True,,,,,,512172369,,,False,False,,MCO638598593,"[{'id': '7', 'type': 'standard', 'amount': 165000, 'regular_amount': None, 'currency_id': 'COP', 'last_updated': '2021-07-30T17:17:54Z', 'conditions': {'context_restrictions': [], 'start_time': None, 'end_time': None, 'eligible': True}, 'exchange_rate_context': 'DEFAULT', 'metadata': {}}]",{'display_currency': 'COP'},[],[],[],36,4583.33,0,COP,CO-DC,Bogotá D.C.,TUNPQ0NIQTk2OTI1,Chapinero,True,me2,"['self_service_in', 'mandatory_free_shipping']",cross_docking,False,,,,,Colombia,Bogotá D.C.,Chapinero,,,5,Western Digital,Nuevo,WD10SPZX,5,1,1,1
MCO616445580,MCO,Disco Duro Externo Adata Hd710 Pro Ahd710p-1tu31 1tb Negro,264900,,COP,1,23,buy_it_now,gold_special,2041-04-07T04:00:00.000Z,new,https://www.mercadolibre.com.co/disco-duro-externo-adata-hd710-pro-ahd710p-1tu31-1tb-negro/p/MCO9054198,http://http2.mlstatic.com/D_915944-MLA45268999495_032021-I.jpg,915944-MLA45268999495_032021,True,,MCO1672,,MCO-HARD_DRIVES_AND_SSDS,MCO9054198,38,True,,,,,,216720321,,,False,False,,MCO616445580,"[{'id': '8', 'type': 'standard', 'amount': 264900, 'regular_amount': None, 'currency_id': 'COP', 'last_updated': '2021-12-24T18:44:23Z', 'conditions': {'context_restrictions': [], 'start_time': None, 'end_time': None, 'eligible': True}, 'exchange_rate_context': 'DEFAULT', 'metadata': {}}]",{'display_currency': 'COP'},[],[],[],36,7358.33,0,COP,CO-DC,Bogotá D.C.,TUNPQ0NIQTk2OTI1,Chapinero,True,me2,"['self_service_in', 'mandatory_free_shipping']",cross_docking,False,,,,,Colombia,Bogotá D.C.,Chapinero,,,6,Adata,Nuevo,AHD710P-1TU31,6,1,1,1
MCO452615224,MCO,Tarjeta De Sonido Usb 7.1 Con Control De Volumen En Empaque,7900,,COP,50,500,buy_it_now,gold_pro,2037-07-15T17:23:43.000Z,new,https://articulo.mercadolibre.com.co/MCO-452615224-tarjeta-de-sonido-usb-71-con-control-de-volumen-en-empaque-_JM,http://http2.mlstatic.com/D_934382-MCO31118372170_062019-O.jpg,934382-MCO31118372170_062019,True,,MCO4119,,MCO-SOUND_CARDS,,37,False,,,,,,191222360,,,False,False,,MCO452615224,"[{'id': '5', 'type': 'standard', 'amount': 7900, 'regular_amount': None, 'currency_id': 'COP', 'last_updated': '2021-08-31T14:05:13Z', 'conditions': {'context_restrictions': [], 'start_time': None, 'end_time': None, 'eligible': True}, 'exchange_rate_context': 'DEFAULT', 'metadata': {}}]",{'display_currency': 'COP'},[],[],[],12,658.33,0,COP,CO-ANT,Antioquia,TUNPQ01FRGRjNjc4,Medellín,False,me2,['fulfillment'],fulfillment,False,,,,,Colombia,Antioquia,Medellín,,,3,Medellín Electrónica,Nuevo,7.1 con Control,8,1,1,1
MCO498468592,MCO,Soporte Para Cpu Metalico Graduable Con Rodachinas,65000,,COP,1,500,buy_it_now,gold_pro,2038-12-16T04:00:00.000Z,new,https://articulo.mercadolibre.com.co/MCO-498468592-soporte-para-cpu-metalico-graduable-con-rodachinas-_JM,http://http2.mlstatic.com/D_873270-MCO31120394546_062019-I.jpg,873270-MCO31120394546_062019,True,,MCO413489,1568,MCO-CPU_HOLDERS,,36,True,,,,,,149423072,,,False,False,,MCO498468592,"[{'id': '20', 'type': 'standard', 'amount': 65000, 'regular_amount': None, 'currency_id': 'COP', 'last_updated': '2022-01-26T12:26:52Z', 'conditions': {'context_restrictions': [], 'start_time': None, 'end_time': None, 'eligible': True}, 'exchange_rate_context': 'DEFAULT', 'metadata': {}}]",{'display_currency': 'COP'},[],[],[],12,5416.67,0,COP,CO-DC,Bogotá D.C.,TUNPQ0VORzkzMTUz,Engativá,False,me2,"['fulfillment', 'self_service_in']",fulfillment,False,,,,,Colombia,Bogotá D.C.,Engativá,,,5,Ergonomus,Nuevo,CS02,7,1,1,1
MCO640865268,MCO,Memoria Ram Color Verde  16gb 1 Crucial Ct16g4sfra266,335000,,COP,34,108,buy_it_now,gold_special,2041-06-24T04:00:00.000Z,new,https://www.mercadolibre.com.co/memoria-ram-color-verde-16gb-1-crucial-ct16g4sfra266/p/MCO16269310,http://http2.mlstatic.com/D_768344-MLA45376122581_032021-I.jpg,768344-MLA45376122581_032021,True,,MCO1694,,MCO-RAM_MEMORY_MODULES,MCO16269310,35,True,,,,,,549941369,,,False,False,,MCO640865268,"[{'id': '20', 'type': 'standard', 'amount': 335000, 'regular_amount': None, 'currency_id': 'COP', 'last_updated': '2022-02-09T19:25:27Z', 'conditions': {'context_restrictions': [], 'start_time': None, 'end_time': None, 'eligible': True}, 'exchange_rate_context': 'DEFAULT', 'metadata': {}}]",{'display_currency': 'COP'},[],[],[],36,9305.56,0,COP,CO-DC,Bogotá D.C.,TUNPQ0NIQTk2OTI1,Chapinero,True,me2,"['self_service_in', 'mandatory_free_shipping']",cross_docking,False,,,,,Colombia,Bogotá D.C.,Chapinero,,,3,Crucial,Nuevo,CT16G4SFRA266,5,1,1,1
MCO583306957,MCO,Capturadora De Video Liv Streaming Fhd Hd 1080 Hdmi 4k Usb 2,37500,,COP,1,500,buy_it_now,gold_special,2041-11-24T22:24:47.000Z,new,https://articulo.mercadolibre.com.co/MCO-583306957-capturadora-de-video-liv-streaming-fhd-hd-1080-hdmi-4k-usb-2-_JM,http://http2.mlstatic.com/D_984392-MCO48355387805_112021-I.jpg,984392-MCO48355387805_112021,True,,MCO6932,,MCO-VIDEO_CAPTURE_DEVICES,,34,True,,,,,,51921439,,,False,False,,MCO583306957,"[{'id': '64', 'type': 'standard', 'amount': 37500, 'regular_amount': None, 'currency_id': 'COP', 'last_updated': '2022-01-26T02:06:18Z', 'conditions': {'context_restrictions': [], 'start_time': None, 'end_time': None, 'eligible': True}, 'exchange_rate_context': 'DEFAULT', 'metadata': {}}]",{'display_currency': 'COP'},[],[],[],36,1041.67,0,COP,CO-ANT,Antioquia,TUNPQ0JFTDg0Y2E,Bello,False,me2,['fulfillment'],fulfillment,False,,,,,Colombia,Antioquia,Bello,,,5,AGC,Nuevo,HDMI2USB,7,1,1,1
MCO639804398,MCO,Disco Duro Externo Toshiba Canvio Basics Hdtb410xk3aa 1tb Negro,190000,,COP,4,45,buy_it_now,gold_pro,2041-06-20T04:00:00.000Z,new,https://www.mercadolibre.com.co/disco-duro-externo-toshiba-canvio-basics-hdtb410xk3aa-1tb-negro/p/MCO10687522,http://http2.mlstatic.com/D_884503-MLA45260101708_032021-I.jpg,884503-MLA45260101708_032021,True,,MCO1672,,MCO-HARD_DRIVES_AND_SSDS,MCO10687522,33,True,,,,,,437805452,,,False,False,,MCO639804398,"[{'id': '3', 'type': 'standard', 'amount': 190000, 'regular_amount': None, 'currency_id': 'COP', 'last_updated': '2022-02-08T03:34:27Z', 'conditions': {'context_restrictions': [], 'start_time': None, 'end_time': None, 'eligible': True}, 'exchange_rate_context': 'DEFAULT', 'metadata': {}}]",{'display_currency': 'COP'},[],[],[],12,15833.33,0,COP,CO-CAQ,Caqueta,TUNPQ0ZMTzhkMTBl,Florencia,True,me2,['mandatory_free_shipping'],drop_off,False,,,,,Colombia,Caqueta,Florencia,,,5,Toshiba,Nuevo,HDTB410XK3AA,5,1,0,1
MCO811526907,MCO,Disco Sólido Ssd Interno Crucial Ct500mx500ssd1 500gb,282000,,COP,6,31,buy_it_now,gold_special,2041-09-17T04:00:00.000Z,new,https://www.mercadolibre.com.co/disco-solido-ssd-interno-crucial-ct500mx500ssd1-500gb/p/MCO9050586,http://http2.mlstatic.com/D_874835-MLA45260312442_032021-I.jpg,874835-MLA45260312442_032021,True,,MCO1672,,MCO-HARD_DRIVES_AND_SSDS,MCO9050586,32,True,,,,,,260407529,,,False,False,,MCO811526907,"[{'id': '23', 'type': 'standard', 'amount': 282000, 'regular_amount': None, 'currency_id': 'COP', 'last_updated': '2022-02-16T21:14:08Z', 'conditions': {'context_restrictions': [], 'start_time': None, 'end_time': None, 'eligible': True}, 'exchange_rate_context': 'DEFAULT', 'metadata': {}}]",{'display_currency': 'COP'},[],[],[],36,7833.33,0,COP,CO-BOY,Boyaca,TUNPQ0RVSTJiYmU5,Duitama,True,me2,['mandatory_free_shipping'],drop_off,False,,,,,Colombia,Boyaca,Duitama,,,4,Crucial,Nuevo,CT500MX500SSD1,5,1,1,1
MCO623723751,MCO,Disco Duro Externo Adata Hd710 Pro Ahd710p-2tu31 2tb Amarillo,340000,,COP,4,45,buy_it_now,gold_special,2041-05-09T04:00:00.000Z,new,https://www.mercadolibre.com.co/disco-duro-externo-adata-hd710-pro-ahd710p-2tu31-2tb-amarillo/p/MCO9054206,http://http2.mlstatic.com/D_920310-MLA45268999590_032021-I.jpg,920310-MLA45268999590_032021,True,,MCO1672,,MCO-HARD_DRIVES_AND_SSDS,MCO9054206,31,True,,,,,,157058727,,,False,False,,MCO623723751,"[{'id': '11', 'type': 'standard', 'amount': 340000, 'regular_amount': None, 'currency_id': 'COP', 'last_updated': '2022-02-10T02:58:37Z', 'conditions': {'context_restrictions': [], 'start_time': None, 'end_time': None, 'eligible': True}, 'exchange_rate_context': 'DEFAULT', 'metadata': {}}]",{'display_currency': 'COP'},[],[],[],36,9444.44,0,COP,CO-DC,Bogotá D.C.,TUNPQ0NIQTk2OTI1,Chapinero,True,me2,"['self_service_in', 'mandatory_free_shipping']",cross_docking,False,,,,,Colombia,Bogotá D.C.,Chapinero,,,6,Adata,Nuevo,AHD710P-2TU31,5,0,1,1
MCO860576679,MCO,Tarjeta De Video Nvidia Gigabyte  Geforce 10 Series Gt 1030 Gv-n1030oc-2gi Oc Edition 2gb,560000,,COP,3,0,buy_it_now,gold_special,2042-02-10T04:00:00.000Z,new,https://www.mercadolibre.com.co/tarjeta-de-video-nvidia-gigabyte-geforce-10-series-gt-1030-gv-n1030oc-2gi-oc-edition-2gb/p/MCO13699296,http://http2.mlstatic.com/D_992385-MLA45732234840_042021-I.jpg,992385-MLA45732234840_042021,True,,MCO1658,,MCO-GRAPHICS_CARDS,MCO13699296,30,True,,,,,,163685607,,,False,False,,MCO860576679,"[{'id': '2', 'type': 'standard', 'amount': 560000, 'regular_amount': None, 'currency_id': 'COP', 'last_updated': '2022-02-15T20:36:50Z', 'conditions': {'context_restrictions': [], 'start_time': None, 'end_time': None, 'eligible': True}, 'exchange_rate_context': 'DEFAULT', 'metadata': {}}]",{'display_currency': 'COP'},[],[],[],36,15555.56,0,COP,CO-DC,Bogotá D.C.,TUNPQ0NIQTk2OTI1,Chapinero,True,me2,"['self_service_in', 'mandatory_free_shipping']",drop_off,False,,,,,Colombia,Bogotá D.C.,Chapinero,,,4,Gigabyte,Nuevo,GT 1030,4,1,0,1
MCO497417608,MCO,Caddy Adaptador Segundo Disco Duro Sata Ssd Cd Dvd 9.5mm,12900,,COP,200,5000,buy_it_now,gold_pro,2041-10-12T22:46:32.000Z,new,https://articulo.mercadolibre.com.co/MCO-497417608-caddy-adaptador-segundo-disco-duro-sata-ssd-cd-dvd-95mm-_JM,http://http2.mlstatic.com/D_787340-MCO31033062987_062019-I.jpg,787340-MCO31033062987_062019,True,,MCO432485,,MCO-HARD_DRIVE_AND_SSD_CADDIES,,29,True,,,,,,191222360,,,False,False,,MCO497417608,"[{'id': '9', 'type': 'standard', 'amount': 12900, 'regular_amount': None, 'currency_id': 'COP', 'last_updated': '2021-10-17T22:46:40Z', 'conditions': {'context_restrictions': [], 'start_time': None, 'end_time': None, 'eligible': True}, 'exchange_rate_context': 'DEFAULT', 'metadata': {}}]",{'display_currency': 'COP'},[],[],[],12,1075.0,0,COP,CO-ANT,Antioquia,TUNPQ01FRGRjNjc4,Medellín,False,me2,['fulfillment'],fulfillment,False,,,,,Colombia,Antioquia,Medellín,,,3,,Nuevo,,6,0,1,1
MCO838779902,MCO,Disco Sólido Ssd Interno Adata Ultimate Su650 Asu650ss-120gt-r 120gb,110900,,COP,1,0,buy_it_now,gold_special,2041-11-28T04:00:00.000Z,new,https://www.mercadolibre.com.co/disco-solido-ssd-interno-adata-ultimate-su650-asu650ss-120gt-r-120gb/p/MCO12791291,http://http2.mlstatic.com/D_629636-MLA48157179675_112021-I.jpg,629636-MLA48157179675_112021,True,,MCO1672,152,MCO-HARD_DRIVES_AND_SSDS,MCO12791291,28,True,,,,,,200344407,,,False,False,,MCO838779902,"[{'id': '2', 'type': 'standard', 'amount': 110900, 'regular_amount': None, 'currency_id': 'COP', 'last_updated': '2022-02-16T21:08:41Z', 'conditions': {'context_restrictions': [], 'start_time': None, 'end_time': None, 'eligible': True}, 'exchange_rate_context': 'DEFAULT', 'metadata': {}}]",{'display_currency': 'COP'},[],[],[],36,3080.56,0,COP,CO-DC,Bogotá D.C.,TUNPQ0NIQTk2OTI1,Chapinero,True,me2,"['self_service_in', 'mandatory_free_shipping']",xd_drop_off,False,,,,,Colombia,Bogotá D.C.,Chapinero,,,5,Adata,Nuevo,ASU650SS-120GT-R,4,1,0,1
MCO462484365,MCO,Soporte Para Cpu Instalable Debajo Del Escritorio O La Pared,83600,,COP,1,500,buy_it_now,gold_pro,2038-01-04T04:00:00.000Z,new,https://articulo.mercadolibre.com.co/MCO-462484365-soporte-para-cpu-instalable-debajo-del-escritorio-o-la-pared-_JM,http://http2.mlstatic.com/D_753377-MCO31094979914_062019-I.jpg,753377-MCO31094979914_062019,True,95000,MCO413489,1568,MCO-CPU_HOLDERS,,27,True,,,,,,149423072,,,False,False,,MCO462484365,"[{'id': '42', 'type': 'standard', 'amount': 95000, 'regular_amount': None, 'currency_id': 'COP', 'last_updated': '2022-01-26T12:26:28Z', 'conditions': {'context_restrictions': [], 'start_time': None, 'end_time': None, 'eligible': True}, 'exchange_rate_context': 'DEFAULT', 'metadata': {}}, {'id': '43', 'type': 'promotion', 'amount': 83600, 'regular_amount': 95000, 'currency_id': 'COP', 'last_updated': '2022-02-10T12:46:53Z', 'conditions': {'context_restrictions': ['channel_marketplace'], 'start_time': '2022-02-07T04:30:00Z', 'end_time': '2022-02-21T05:00:00Z', 'eligible': True}, 'exchange_rate_context': 'DEFAULT', 'metadata': {'campaign_id': 'MCO4056', 'promotion_id': 'MCO4056', 'promotion_type': 'campaign'}}]",{'display_currency': 'COP'},[],[],[],12,6966.67,0,COP,CO-DC,Bogotá D.C.,TUNPQ0VORzkzMTUz,Engativá,True,me2,"['fulfillment', 'fs_threshold_mco_change_apr2021', 'fs_threshold_mco_change_jul2021', 'self_service_in', 'mandatory_free_shipping']",fulfillment,False,,,,,Colombia,Bogotá D.C.,Engativá,,,5,Ergonomus,Nuevo,CS04,6,1,0,1
MCO620813565,MCO,Tarjeta De Video Nvidia Msi  Geforce 10 Series Gtx 1050 Ti Geforce Gtx 1050 Ti 4gt Oc Oc Edition 4gb,1680000,,COP,1,15,buy_it_now,gold_special,2041-04-28T04:00:00.000Z,new,https://www.mercadolibre.com.co/tarjeta-de-video-nvidia-msi-geforce-10-series-gtx-1050-ti-geforce-gtx-1050-ti-4gt-oc-oc-edition-4gb/p/MCO15915563,http://http2.mlstatic.com/D_992561-MLA45732295613_042021-I.jpg,992561-MLA45732295613_042021,True,,MCO1658,,MCO-GRAPHICS_CARDS,MCO15915563,26,True,,,,,,452480863,,,False,False,,MCO620813565,"[{'id': '6', 'type': 'standard', 'amount': 1680000, 'regular_amount': None, 'currency_id': 'COP', 'last_updated': '2022-02-09T17:45:09Z', 'conditions': {'context_restrictions': [], 'start_time': None, 'end_time': None, 'eligible': True}, 'exchange_rate_context': 'DEFAULT', 'metadata': {}}]",{'display_currency': 'COP'},[],[],[],36,46666.67,0,COP,CO-DC,Bogotá D.C.,TUNPQ1VTQTY3MTQ1,Usaquén,True,me2,"['self_service_in', 'mandatory_free_shipping']",xd_drop_off,False,,,,,Colombia,Bogotá D.C.,Usaquén,,,4,MSI,Nuevo,GTX 1050 Ti,4,1,0,1
MCO821513371,MCO,Disco Sólido Ssd Interno Kingdian S400-120gb Negro,90000,,COP,64,155,buy_it_now,gold_pro,2041-10-20T06:07:11.000Z,new,https://www.mercadolibre.com.co/disco-solido-ssd-interno-kingdian-s400-120gb-negro/p/MCO10101447,http://http2.mlstatic.com/D_991804-MLA45260166584_032021-I.jpg,991804-MLA45260166584_032021,True,,MCO1672,,MCO-HARD_DRIVES_AND_SSDS,MCO10101447,25,True,,,,,,587166887,,,False,False,,MCO821513371,"[{'id': '6', 'type': 'standard', 'amount': 90000, 'regular_amount': None, 'currency_id': 'COP', 'last_updated': '2022-01-14T01:27:50Z', 'conditions': {'context_restrictions': [], 'start_time': None, 'end_time': None, 'eligible': True}, 'exchange_rate_context': 'DEFAULT', 'metadata': {}}]",{'display_currency': 'COP'},[],[],[],12,7500.0,0,COP,CO-ATL,Atlantico,TUNPQ0JBUjkzOTg0,Barranquilla,True,me2,['mandatory_free_shipping'],drop_off,False,,,,,Colombia,Atlantico,Barranquilla,,,5,KingDian,Nuevo,S400-120GB,4,0,1,1
MCO845916785,MCO,Disco Sólido Ssd Interno Western Digital Wd Green Wds240g2g0a 240gb Verde,146000,,COP,17,78,buy_it_now,gold_special,2041-12-24T04:00:00.000Z,new,https://www.mercadolibre.com.co/disco-solido-ssd-interno-western-digital-wd-green-wds240g2g0a-240gb-verde/p/MCO8739495,http://http2.mlstatic.com/D_606528-MLA45260475479_032021-I.jpg,606528-MLA45260475479_032021,True,,MCO1672,,MCO-HARD_DRIVES_AND_SSDS,MCO8739495,24,True,,,,,,67018061,,,False,False,,MCO845916785,"[{'id': '6', 'type': 'standard', 'amount': 146000, 'regular_amount': None, 'currency_id': 'COP', 'last_updated': '2022-01-25T01:43:19Z', 'conditions': {'context_restrictions': [], 'start_time': None, 'end_time': None, 'eligible': True}, 'exchange_rate_context': 'DEFAULT', 'metadata': {}}]",{'display_currency': 'COP'},[],[],[],36,4055.56,0,COP,CO-ANT,Antioquia,TUNPQ01FRGRjNjc4,Medellín,True,me2,['mandatory_free_shipping'],drop_off,False,,,,,Colombia,Antioquia,Medellín,,,5,Western Digital,Nuevo,WDS240G2G0A,5,1,1,1
MCO857736782,MCO,Tarjeta De Video Nvidia Asus  Geforce 10 Series Gt 1030 Gt1030-2g-csm 2gb,560000,,COP,1,2,buy_it_now,gold_special,2042-02-04T04:00:00.000Z,new,https://www.mercadolibre.com.co/tarjeta-de-video-nvidia-asus-geforce-10-series-gt-1030-gt1030-2g-csm-2gb/p/MCO13773459,http://http2.mlstatic.com/D_694763-MLA45731632037_042021-I.jpg,694763-MLA45731632037_042021,True,,MCO1658,,MCO-GRAPHICS_CARDS,MCO13773459,23,True,,,,,,216720321,,,False,False,,MCO857736782,"[{'id': '1', 'type': 'standard', 'amount': 560000, 'regular_amount': None, 'currency_id': 'COP', 'last_updated': '2022-02-09T18:17:40Z', 'conditions': {'context_restrictions': [], 'start_time': None, 'end_time': None, 'eligible': True}, 'exchange_rate_context': 'DEFAULT', 'metadata': {}}]",{'display_currency': 'COP'},[],[],[],36,15555.56,0,COP,CO-DC,Bogotá D.C.,TUNPQ0NIQTk2OTI1,Chapinero,True,me2,"['self_service_in', 'mandatory_free_shipping']",cross_docking,False,,,,,Colombia,Bogotá D.C.,Chapinero,,,3,Asus,Nuevo,GT 1030,5,1,0,1
MCO616527808,MCO,Disco Sólido Ssd Interno Adata Swordfish Aswordfish-500g-c 500gb,275772,,COP,1,8,buy_it_now,gold_special,2041-04-08T04:00:00.000Z,new,https://www.mercadolibre.com.co/disco-solido-ssd-interno-adata-swordfish-aswordfish-500g-c-500gb/p/MCO15845202,http://http2.mlstatic.com/D_904884-MLA45260628566_032021-I.jpg,904884-MLA45260628566_032021,True,,MCO1672,,MCO-HARD_DRIVES_AND_SSDS,MCO15845202,22,True,,,,,,178562922,,,False,False,,MCO616527808,"[{'id': '9', 'type': 'standard', 'amount': 275772, 'regular_amount': None, 'currency_id': 'COP', 'last_updated': '2022-02-11T21:16:51Z', 'conditions': {'context_restrictions': [], 'start_time': None, 'end_time': None, 'eligible': True}, 'exchange_rate_context': 'DEFAULT', 'metadata': {}}]",{'display_currency': 'COP'},[],[],[],36,7660.33,0,COP,CO-DC,Bogotá D.C.,TUNPQ0NIQTk2OTI1,Chapinero,True,me2,"['self_service_in', 'mandatory_free_shipping']",cross_docking,False,,,,,Colombia,Bogotá D.C.,Chapinero,,,7,Adata,Nuevo,ASWORDFISH-500G-C,6,1,1,1
MCO839096817,MCO,Procesador Amd Ryzen 7 5700g 100-100000263box De 8 Núcleos Y  4.6ghz De Frecuencia Con Gráfica Integrada,1595000,,COP,3,10,buy_it_now,gold_special,2041-11-28T04:00:00.000Z,new,https://www.mercadolibre.com.co/procesador-amd-ryzen-7-5700g-100-100000263box-de-8-nucleos-y-46ghz-de-frecuencia-con-grafica-integrada/p/MCO18441624,http://http2.mlstatic.com/D_940934-MLU47593217192_092021-I.jpg,940934-MLU47593217192_092021,True,,MCO1693,,MCO-COMPUTER_PROCESSORS,MCO18441624,21,True,,,,,,244558991,,,False,False,,MCO839096817,"[{'id': '4', 'type': 'standard', 'amount': 1595000, 'regular_amount': None, 'currency_id': 'COP', 'last_updated': '2022-02-11T23:47:45Z', 'conditions': {'context_restrictions': [], 'start_time': None, 'end_time': None, 'eligible': True}, 'exchange_rate_context': 'DEFAULT', 'metadata': {}}]",{'display_currency': 'COP'},[],[],[],36,44305.56,0,COP,CO-ANT,Antioquia,TUNPQ01FRGRjNjc4,Medellín,True,me2,['mandatory_free_shipping'],xd_drop_off,False,,,,,Colombia,Antioquia,Medellín,,,6,AMD,Nuevo,5700G,5,1,1,1
MCO641076880,MCO,Disco Sólido Ssd Interno Adata Swordfish Aswordfish-250g-c 250gb Gris,180155,,COP,30,143,buy_it_now,gold_special,2041-06-24T04:00:00.000Z,new,https://www.mercadolibre.com.co/disco-solido-ssd-interno-adata-swordfish-aswordfish-250g-c-250gb-gris/p/MCO17810588,http://http2.mlstatic.com/D_916227-MLA45720795710_042021-I.jpg,916227-MLA45720795710_042021,True,,MCO1672,,MCO-HARD_DRIVES_AND_SSDS,MCO17810588,20,True,,,,,,157058727,,,False,False,,MCO641076880,"[{'id': '23', 'type': 'standard', 'amount': 180155, 'regular_amount': None, 'currency_id': 'COP', 'last_updated': '2022-01-03T23:45:52Z', 'conditions': {'context_restrictions': [], 'start_time': None, 'end_time': None, 'eligible': True}, 'exchange_rate_context': 'DEFAULT', 'metadata': {}}]",{'display_currency': 'COP'},[],[],[],36,5004.31,0,COP,CO-DC,Bogotá D.C.,TUNPQ0NIQTk2OTI1,Chapinero,True,me2,"['self_service_in', 'mandatory_free_shipping']",cross_docking,False,,,,,Colombia,Bogotá D.C.,Chapinero,,,5,Adata,Nuevo,ASWORDFISH-250G-C,6,1,1,1
MCO849321107,MCO,Tarjeta De Video Amd Iceberg  Fluency Radeon Rx 500 Series Rx 550 Rx 550 4gb 4gb,816905,,COP,89,10,buy_it_now,gold_special,2042-01-07T04:00:00.000Z,new,https://www.mercadolibre.com.co/tarjeta-de-video-amd-iceberg-fluency-radeon-rx-500-series-rx-550-rx-550-4gb-4gb/p/MCO18471834,http://http2.mlstatic.com/D_927804-MLA48741166928_012022-I.jpg,927804-MLA48741166928_012022,True,859900,MCO1658,,MCO-GRAPHICS_CARDS,MCO18471834,19,True,,,,,,186873078,,,False,False,,MCO849321107,"[{'id': '1', 'type': 'standard', 'amount': 859900, 'regular_amount': None, 'currency_id': 'COP', 'last_updated': '2022-01-12T18:18:15Z', 'conditions': {'context_restrictions': [], 'start_time': None, 'end_time': None, 'eligible': True}, 'exchange_rate_context': 'DEFAULT', 'metadata': {}}, {'id': '3', 'type': 'promotion', 'amount': 816905, 'regular_amount': 859900, 'currency_id': 'COP', 'last_updated': '2022-02-07T04:33:35Z', 'conditions': {'context_restrictions': ['channel_marketplace'], 'start_time': '2022-01-19T13:30:00Z', 'end_time': '2023-01-01T04:00:00Z', 'eligible': True}, 'exchange_rate_context': 'DEFAULT', 'metadata': {'campaign_id': 'MCO3990', 'promotion_id': 'MCO3990', 'promotion_type': 'campaign'}}, {'id': '4', 'type': 'promotion', 'amount': 816905, 'regular_amount': 859900, 'currency_id': 'COP', 'last_updated': '2022-02-07T04:33:35Z', 'conditions': {'context_restrictions': ['channel_marketplace'], 'start_time': '2022-02-07T04:30:00Z', 'end_time': '2022-02-21T05:00:00Z', 'eligible': True}, 'exchange_rate_context': 'DEFAULT', 'metadata': {'campaign_id': 'MCO4056', 'promotion_id': 'MCO4056', 'promotion_type': 'campaign'}}]",{'display_currency': 'COP'},[],[],[],36,22691.81,0,COP,CO-DC,Bogotá D.C.,TUNPQ1NVQjUzNzQ4,Suba,True,me2,['mandatory_free_shipping'],xd_drop_off,False,,,,,Colombia,Bogotá D.C.,Suba,,,4,Iceberg,Nuevo,RX 550,4,1,0,1
MCO565560246,MCO,Gabinete Pcgamer - Sideswipe Pro Gc-601  Rgb - Redragon,308900,,COP,1,250,buy_it_now,gold_special,2040-12-05T20:53:25.000Z,new,https://articulo.mercadolibre.com.co/MCO-565560246-gabinete-pcgamer-sideswipe-pro-gc-601-rgb-redragon-_JM,http://http2.mlstatic.com/D_728906-MCO43486012581_092020-O.jpg,728906-MCO43486012581_092020,True,,MCO441521,,MCO-DESKTOP_COMPUTER_CASES,MCO12028213,18,False,,,,,,575238894,,,False,False,,MCO565560246,"[{'id': '7', 'type': 'standard', 'amount': 308900, 'regular_amount': None, 'currency_id': 'COP', 'last_updated': '2021-09-20T23:39:42Z', 'conditions': {'context_restrictions': [], 'start_time': None, 'end_time': None, 'eligible': True}, 'exchange_rate_context': 'DEFAULT', 'metadata': {}}]",{'display_currency': 'COP'},[],[],[],36,8580.56,0,COP,CO-DC,Bogotá D.C.,TUNPQ0ZPTjcyNzAz,Fontibón,True,me2,"['self_service_in', 'mandatory_free_shipping']",cross_docking,False,,,,,Colombia,Bogotá D.C.,Fontibón,,,5,Redragon,Nuevo,GC-601 Sideswipe,5,0,1,1
MCO622694952,MCO,Disco Duro Externo Western Digital Wd Elements Portable Wdbu6y0020bbk 2tb Negro,285000,,COP,27,170,buy_it_now,gold_special,2041-05-06T04:00:00.000Z,new,https://www.mercadolibre.com.co/disco-duro-externo-western-digital-wd-elements-portable-wdbu6y0020bbk-2tb-negro/p/MCO6326752,http://http2.mlstatic.com/D_860593-MLA45260848653_032021-I.jpg,860593-MLA45260848653_032021,True,290000,MCO1672,,MCO-HARD_DRIVES_AND_SSDS,MCO6326752,17,True,,,,,,216720321,,,False,False,,MCO622694952,"[{'id': '9', 'type': 'standard', 'amount': 290000, 'regular_amount': None, 'currency_id': 'COP', 'last_updated': '2022-01-31T02:19:28Z', 'conditions': {'context_restrictions': [], 'start_time': None, 'end_time': None, 'eligible': True}, 'exchange_rate_context': 'DEFAULT', 'metadata': {}}, {'id': '13', 'type': 'promotion', 'amount': 280000, 'regular_amount': 290000, 'currency_id': 'COP', 'last_updated': '2022-02-10T01:34:08Z', 'conditions': {'context_restrictions': ['channel_marketplace'], 'start_time': '2022-02-09T07:20:00Z', 'end_time': '2022-03-01T01:20:00Z', 'eligible': True}, 'exchange_rate_context': 'DEFAULT', 'metadata': {'campaign_id': 'P-MCO4033002', 'promotion_id': 'MCO622694952-c5cb3551-2d2c-4bb4-be61-317f56334109', 'promotion_type': 'marketplace_campaign', 'discount_meli_amount': 5000, 'campaign_discount_percentage': 3.45, 'campaign_end_date': '2022-03-01T01:20:00Z', 'order_item_price': 285000}}, {'id': '14', 'type': 'promotion', 'amount': 285000, 'regular_amount': 290000, 'currency_id': 'COP', 'last_updated': '2022-02-10T01:34:08Z', 'conditions': {'context_restrictions': ['channel_marketplace'], 'start_time': '2021-01-05T04:30:00Z', 'end_time': '2024-01-01T04:59:00Z', 'eligible': True}, 'exchange_rate_context': 'DEFAULT', 'metadata': {'campaign_id': 'MCO2298', 'promotion_id': 'MCO2298', 'promotion_type': 'campaign'}}]",{'display_currency': 'COP'},[],[],[],36,7916.67,0,COP,CO-DC,Bogotá D.C.,TUNPQ0NIQTk2OTI1,Chapinero,True,me2,"['self_service_in', 'mandatory_free_shipping']",cross_docking,False,,,,,Colombia,Bogotá D.C.,Chapinero,,,5,Western Digital,Nuevo,WDBU6Y0020BBK,6,1,1,1
MCO616457894,MCO,Disco Duro Externo Adata Dashdrive Durable Hd680 Ahd680-1tu31 1tb Negro,249900,,COP,4,444,buy_it_now,gold_special,2041-04-07T04:00:00.000Z,new,https://www.mercadolibre.com.co/disco-duro-externo-adata-dashdrive-durable-hd680-ahd680-1tu31-1tb-negro/p/MCO16144687,http://http2.mlstatic.com/D_997335-MLA45260819202_032021-I.jpg,997335-MLA45260819202_032021,True,,MCO1672,152,MCO-HARD_DRIVES_AND_SSDS,MCO16144687,16,True,,,,,,715777352,,,False,False,,MCO616457894,"[{'id': '35', 'type': 'standard', 'amount': 249900, 'regular_amount': None, 'currency_id': 'COP', 'last_updated': '2022-02-04T00:51:22Z', 'conditions': {'context_restrictions': [], 'start_time': None, 'end_time': None, 'eligible': True}, 'exchange_rate_context': 'DEFAULT', 'metadata': {}}]",{'display_currency': 'COP'},[],[],[],36,6941.67,0,COP,CO-DC,Bogotá D.C.,TUNPQ0NIQTk2OTI1,Chapinero,True,me2,"['self_service_in', 'mandatory_free_shipping']",cross_docking,False,,,,,Colombia,Bogotá D.C.,Chapinero,,,8,Adata,Nuevo,AHD680-1TU31,4,1,0,1
MCO857246958,MCO,Tarjeta De Video Nvidia Gigabyte  Geforce 10 Series Gt 1030 Gv-n1030d4-2gl 2gb,469900,,COP,2,0,buy_it_now,gold_special,2042-02-03T04:00:00.000Z,new,https://www.mercadolibre.com.co/tarjeta-de-video-nvidia-gigabyte-geforce-10-series-gt-1030-gv-n1030d4-2gl-2gb/p/MCO13773465,http://http2.mlstatic.com/D_883508-MLA46302132982_062021-I.jpg,883508-MLA46302132982_062021,True,,MCO1658,,MCO-GRAPHICS_CARDS,MCO13773465,15,True,,,,,,1065612501,,,False,False,,MCO857246958,"[{'id': '2', 'type': 'standard', 'amount': 469900, 'regular_amount': None, 'currency_id': 'COP', 'last_updated': '2022-02-16T01:05:51Z', 'conditions': {'context_restrictions': [], 'start_time': None, 'end_time': None, 'eligible': True}, 'exchange_rate_context': 'DEFAULT', 'metadata': {}}]",{'display_currency': 'COP'},[],[],[],36,13052.78,0,COP,CO-DC,Bogotá D.C.,TUNPQ1NVQjUzNzQ4,Suba,True,me2,['mandatory_free_shipping'],drop_off,False,,,,,Colombia,Bogotá D.C.,Suba,,,3,Gigabyte,Nuevo,GT 1030,4,1,0,1
MCO857614444,MCO,Memoria Ram Color Verde  8gb 1 Crucial Ct8g4sfs8266,171000,,COP,8,0,buy_it_now,gold_special,2042-02-04T04:00:00.000Z,new,https://www.mercadolibre.com.co/memoria-ram-color-verde-8gb-1-crucial-ct8g4sfs8266/p/MCO11011362,http://http2.mlstatic.com/D_652139-MLA48832494470_012022-I.jpg,652139-MLA48832494470_012022,True,,MCO1694,,MCO-RAM_MEMORY_MODULES,MCO11011362,14,True,,,,,,163685607,,,False,False,,MCO857614444,"[{'id': '6', 'type': 'standard', 'amount': 171000, 'regular_amount': None, 'currency_id': 'COP', 'last_updated': '2022-02-13T22:47:48Z', 'conditions': {'context_restrictions': [], 'start_time': None, 'end_time': None, 'eligible': True}, 'exchange_rate_context': 'DEFAULT', 'metadata': {}}]",{'display_currency': 'COP'},[],[],[],36,4750.0,0,COP,CO-DC,Bogotá D.C.,TUNPQ0NIQTk2OTI1,Chapinero,True,me2,"['self_service_out', 'mandatory_free_shipping']",drop_off,False,,,,,Colombia,Bogotá D.C.,Chapinero,,,3,Crucial,Nuevo,CT8G4SFS8266,4,1,0,1
MCO805326106,MCO,Procesador Gamer Amd Ryzen 5 5600x 100-100000065box De 6 Núcleos Y  4.6ghz De Frecuencia,1360000,,COP,10,104,buy_it_now,gold_special,2041-09-02T04:00:00.000Z,new,https://www.mercadolibre.com.co/procesador-gamer-amd-ryzen-5-5600x-100-100000065box-de-6-nucleos-y-46ghz-de-frecuencia/p/MCO16328466,http://http2.mlstatic.com/D_967555-MLA45376143334_032021-I.jpg,967555-MLA45376143334_032021,True,,MCO1693,,MCO-COMPUTER_PROCESSORS,MCO16328466,13,True,,,,,,603582371,,,False,False,,MCO805326106,"[{'id': '44', 'type': 'standard', 'amount': 1360000, 'regular_amount': None, 'currency_id': 'COP', 'last_updated': '2022-02-17T03:05:45Z', 'conditions': {'context_restrictions': [], 'start_time': None, 'end_time': None, 'eligible': True}, 'exchange_rate_context': 'DEFAULT', 'metadata': {}}]",{'display_currency': 'COP'},[],[],[],36,37777.78,0,COP,CO-ANT,Antioquia,TUNPQ01FRGRjNjc4,Medellín,True,me2,['mandatory_free_shipping'],xd_drop_off,False,,,,,Colombia,Antioquia,Medellín,,,6,AMD,Nuevo,5600X,5,1,1,1
MCO850665475,MCO,Tarjeta De Video Nvidia Asus  Phoenix Geforce Gtx 16 Series Gtx 1650 Ph-gtx1650-o4g Oc Edition 4gb,1648009,,COP,1,9,buy_it_now,gold_special,2042-01-10T04:00:00.000Z,new,https://www.mercadolibre.com.co/tarjeta-de-video-nvidia-asus-phoenix-geforce-gtx-16-series-gtx-1650-ph-gtx1650-o4g-oc-edition-4gb/p/MCO15101510,http://http2.mlstatic.com/D_667642-MLA45733056906_042021-I.jpg,667642-MLA45733056906_042021,True,,MCO1658,,MCO-GRAPHICS_CARDS,MCO15101510,12,True,,,,,,16839112,,,False,False,,MCO850665475,"[{'id': '15', 'type': 'standard', 'amount': 1648009, 'regular_amount': None, 'currency_id': 'COP', 'last_updated': '2022-02-14T18:13:33Z', 'conditions': {'context_restrictions': ['channel_marketplace'], 'start_time': None, 'end_time': None, 'eligible': True}, 'exchange_rate_context': 'DEFAULT', 'metadata': {}}, {'id': '2', 'type': 'standard', 'amount': 1600000, 'regular_amount': None, 'currency_id': 'COP', 'last_updated': '2022-01-15T22:48:49Z', 'conditions': {'context_restrictions': ['channel_mshops'], 'start_time': None, 'end_time': None, 'eligible': True}, 'exchange_rate_context': 'DEFAULT', 'metadata': {}}]",{'display_currency': 'COP'},[],[],[],36,45778.03,0,COP,CO-ANT,Antioquia,TUNPQ1JJTzNmYmVk,Rionegro,True,me2,['mandatory_free_shipping'],xd_drop_off,False,,,,,Colombia,Antioquia,Rionegro,,,4,Asus,Nuevo,GTX 1650,5,1,0,1
MCO613298113,MCO,Disco Duro Externo Toshiba Canvio Basics Hdtb420xk3aa 2tb Negro,281000,,COP,9,240,buy_it_now,gold_special,2041-03-19T04:00:00.000Z,new,https://www.mercadolibre.com.co/disco-duro-externo-toshiba-canvio-basics-hdtb420xk3aa-2tb-negro/p/MCO9282789,http://http2.mlstatic.com/D_947803-MLA45261201761_032021-I.jpg,947803-MLA45261201761_032021,True,290000,MCO1672,,MCO-HARD_DRIVES_AND_SSDS,MCO9282789,11,True,,,,,,216720321,,,False,False,,MCO613298113,"[{'id': '62', 'type': 'standard', 'amount': 290000, 'regular_amount': None, 'currency_id': 'COP', 'last_updated': '2022-01-31T02:17:35Z', 'conditions': {'context_restrictions': [], 'start_time': None, 'end_time': None, 'eligible': True}, 'exchange_rate_context': 'DEFAULT', 'metadata': {}}, {'id': '63', 'type': 'promotion', 'amount': 276000, 'regular_amount': 290000, 'currency_id': 'COP', 'last_updated': '2022-02-09T21:39:21Z', 'conditions': {'context_restrictions': ['channel_marketplace'], 'start_time': '2022-02-09T07:20:00Z', 'end_time': '2022-03-01T01:20:00Z', 'eligible': True}, 'exchange_rate_context': 'DEFAULT', 'metadata': {'campaign_id': 'P-MCO4033002', 'promotion_id': 'MCO613298113-f0878388-b189-4238-b09b-83abc31fe438', 'promotion_type': 'marketplace_campaign', 'discount_meli_amount': 5000, 'campaign_discount_percentage': 4.83, 'campaign_end_date': '2022-03-01T01:20:00Z', 'order_item_price': 281000}}]",{'display_currency': 'COP'},[],[],[],36,7805.56,0,COP,CO-DC,Bogotá D.C.,TUNPQ0NIQTk2OTI1,Chapinero,True,me2,"['self_service_in', 'mandatory_free_shipping']",cross_docking,False,,,,,Colombia,Bogotá D.C.,Chapinero,,,7,Toshiba,Nuevo,HDTB420XK3AA,5,1,1,1
MCO828555208,MCO,Procesador Gamer Amd Ryzen 5 5600g 100-100000252box De 6 Núcleos Y  4.4ghz De Frecuencia Con Gráfica Integrada,1230000,,COP,3,7,buy_it_now,gold_special,2041-10-30T04:00:00.000Z,new,https://www.mercadolibre.com.co/procesador-gamer-amd-ryzen-5-5600g-100-100000252box-de-6-nucleos-y-44ghz-de-frecuencia-con-grafica-integrada/p/MCO18424403,http://http2.mlstatic.com/D_770476-MLA47847166700_102021-I.jpg,770476-MLA47847166700_102021,True,,MCO1693,,MCO-COMPUTER_PROCESSORS,MCO18424403,10,True,,,,,,603582371,,,False,False,,MCO828555208,"[{'id': '16', 'type': 'standard', 'amount': 1230000, 'regular_amount': None, 'currency_id': 'COP', 'last_updated': '2022-02-15T04:56:50Z', 'conditions': {'context_restrictions': [], 'start_time': None, 'end_time': None, 'eligible': True}, 'exchange_rate_context': 'DEFAULT', 'metadata': {}}]",{'display_currency': 'COP'},[],[],[],36,34166.67,0,COP,CO-ANT,Antioquia,TUNPQ01FRGRjNjc4,Medellín,True,me2,['mandatory_free_shipping'],xd_drop_off,False,,,,,Colombia,Antioquia,Medellín,,,6,AMD,Nuevo,5600G,5,1,1,1
MCO814633592,MCO,Chasis Atx Gamer 6 Ventiladores Rgb Unitec,279900,,COP,1,100,buy_it_now,gold_special,2041-09-23T04:00:00.000Z,new,https://articulo.mercadolibre.com.co/MCO-814633592-chasis-atx-gamer-6-ventiladores-rgb-unitec-_JM,http://http2.mlstatic.com/D_817090-MCO48997122764_022022-O.jpg,817090-MCO48997122764_022022,True,,MCO441521,,MCO-DESKTOP_COMPUTER_CASES,,9,False,,,,,,71844216,,,False,False,,MCO814633592,"[{'id': '19', 'type': 'standard', 'amount': 279900, 'regular_amount': None, 'currency_id': 'COP', 'last_updated': '2022-02-01T21:15:32Z', 'conditions': {'context_restrictions': ['channel_marketplace'], 'start_time': None, 'end_time': None, 'eligible': True}, 'exchange_rate_context': 'DEFAULT', 'metadata': {}}, {'id': '18', 'type': 'standard', 'amount': 259900, 'regular_amount': None, 'currency_id': 'COP', 'last_updated': '2022-02-01T21:15:32Z', 'conditions': {'context_restrictions': ['channel_mshops'], 'start_time': None, 'end_time': None, 'eligible': True}, 'exchange_rate_context': 'DEFAULT', 'metadata': {}}]",{'display_currency': 'COP'},[],[],[],36,7775.0,0,COP,CO-SAN,Santander,TUNPQ0JVQzkzMTE4,Bucaramanga,True,me2,['mandatory_free_shipping'],drop_off,False,,,,,Colombia,Santander,Bucaramanga,,,5,Unitec,Nuevo,N1905,5,0,0,1
MCO588426277,MCO,Capturadora De Video Liv Streaming Fhd Hd 1080 Hdmi Usb 4k F,43681,,COP,1,500,buy_it_now,gold_special,2040-10-06T04:00:00.000Z,new,https://articulo.mercadolibre.com.co/MCO-588426277-capturadora-de-video-liv-streaming-fhd-hd-1080-hdmi-usb-4k-f-_JM,http://http2.mlstatic.com/D_819553-MCO47283756091_082021-I.jpg,819553-MCO47283756091_082021,True,45980,MCO6932,,MCO-VIDEO_CAPTURE_DEVICES,,8,True,,,,,,3877113,,,False,False,,MCO588426277,"[{'id': '83', 'type': 'standard', 'amount': 45980, 'regular_amount': None, 'currency_id': 'COP', 'last_updated': '2022-01-25T02:52:29Z', 'conditions': {'context_restrictions': [], 'start_time': None, 'end_time': None, 'eligible': True}, 'exchange_rate_context': 'DEFAULT', 'metadata': {}}, {'id': '87', 'type': 'promotion', 'amount': 43681, 'regular_amount': 45980, 'currency_id': 'COP', 'last_updated': '2022-02-16T13:56:10Z', 'conditions': {'context_restrictions': ['channel_marketplace'], 'start_time': '2022-02-07T04:30:00Z', 'end_time': '2022-02-21T05:00:00Z', 'eligible': True}, 'exchange_rate_context': 'DEFAULT', 'metadata': {'campaign_id': 'MCO4056', 'promotion_id': 'MCO4056', 'promotion_type': 'campaign'}}]",{'display_currency': 'COP'},[],[],[],36,1213.36,0,COP,CO-VAC,Valle Del Cauca,TUNPQ1BBTDJhYTA3,Palmira,False,me2,['fulfillment'],fulfillment,False,,,,,Colombia,Valle Del Cauca,Palmira,,,5,Asisttics,Nuevo,mcap2hdmiusb2,7,1,1,1
MCO639299909,MCO,Disco Sólido Ssd Interno Crucial Ct240bx500ssd1 240gb Negro,145000,,COP,2,210,buy_it_now,gold_special,2041-06-19T04:00:00.000Z,new,https://www.mercadolibre.com.co/disco-solido-ssd-interno-crucial-ct240bx500ssd1-240gb-negro/p/MCO18102729,http://http2.mlstatic.com/D_861753-MLA46416597499_062021-I.jpg,861753-MLA46416597499_062021,True,,MCO1672,,MCO-HARD_DRIVES_AND_SSDS,MCO18102729,7,True,,,,,,603582371,,,False,False,,MCO639299909,"[{'id': '36', 'type': 'standard', 'amount': 145000, 'regular_amount': None, 'currency_id': 'COP', 'last_updated': '2022-02-16T16:55:17Z', 'conditions': {'context_restrictions': [], 'start_time': None, 'end_time': None, 'eligible': True}, 'exchange_rate_context': 'DEFAULT', 'metadata': {}}]",{'display_currency': 'COP'},[],[],[],36,4027.78,0,COP,CO-ANT,Antioquia,TUNPQ01FRGRjNjc4,Medellín,True,me2,['mandatory_free_shipping'],xd_drop_off,False,,,,,Colombia,Antioquia,Medellín,,,4,Crucial,Nuevo,CT240BX500SSD1,5,1,1,1
MCO814278017,MCO,Disco Sólido Ssd Interno Crucial Ct480bx500ssd1 480gb Negro,232000,,COP,3,159,buy_it_now,gold_special,2041-09-22T04:00:00.000Z,new,https://www.mercadolibre.com.co/disco-solido-ssd-interno-crucial-ct480bx500ssd1-480gb-negro/p/MCO18185023,http://http2.mlstatic.com/D_852090-MLA46541555643_062021-I.jpg,852090-MLA46541555643_062021,True,,MCO1672,,MCO-HARD_DRIVES_AND_SSDS,MCO18185023,6,True,,,,,,233258803,,,False,False,,MCO814278017,"[{'id': '68', 'type': 'standard', 'amount': 232000, 'regular_amount': None, 'currency_id': 'COP', 'last_updated': '2022-02-13T10:41:54Z', 'conditions': {'context_restrictions': [], 'start_time': None, 'end_time': None, 'eligible': True}, 'exchange_rate_context': 'DEFAULT', 'metadata': {}}]",{'display_currency': 'COP'},[],[],[],36,6444.44,0,COP,CO-DC,Bogotá D.C.,TUNPQ0NIQTk2OTI1,Chapinero,True,me2,"['self_service_out', 'mandatory_free_shipping']",xd_drop_off,False,,,,,Colombia,Bogotá D.C.,Chapinero,,,4,Crucial,Nuevo,CT480BX500SSD1,5,1,0,1
MCO630342213,MCO,Disco Sólido Ssd Interno Kingston Sa400s37/480g 480gb Negro,248000,,COP,5,602,buy_it_now,gold_special,2041-05-29T02:48:07.000Z,new,https://www.mercadolibre.com.co/disco-solido-ssd-interno-kingston-sa400s37480g-480gb-negro/p/MCO17978326,http://http2.mlstatic.com/D_683297-MLA46221843906_052021-I.jpg,683297-MLA46221843906_052021,True,,MCO1672,,MCO-HARD_DRIVES_AND_SSDS,MCO17978326,5,True,,,,,,603582371,,,False,False,,MCO630342213,"[{'id': '111', 'type': 'standard', 'amount': 248000, 'regular_amount': None, 'currency_id': 'COP', 'last_updated': '2022-02-16T18:03:56Z', 'conditions': {'context_restrictions': [], 'start_time': None, 'end_time': None, 'eligible': True}, 'exchange_rate_context': 'DEFAULT', 'metadata': {}}]",{'display_currency': 'COP'},[],[],[],36,6888.89,0,COP,CO-ANT,Antioquia,TUNPQ01FRGRjNjc4,Medellín,True,me2,"['fbm_in_process', 'mandatory_free_shipping']",xd_drop_off,False,,,,,Colombia,Antioquia,Medellín,,,5,Kingston,Nuevo,SA400S37/480G,4,1,0,1
MCO850950849,MCO,Tarjeta De Video Nvidia Gigabyte  Geforce Gtx 16 Series Gtx 1660 Ti Gv-n166toc-6gd Oc Edition 6gb,2999000,,COP,22,1,buy_it_now,gold_special,2042-01-12T04:00:00.000Z,new,https://www.mercadolibre.com.co/tarjeta-de-video-nvidia-gigabyte-geforce-gtx-16-series-gtx-1660-ti-gv-n166toc-6gd-oc-edition-6gb/p/MCO15010771,http://http2.mlstatic.com/D_754235-MLA45733755043_042021-I.jpg,754235-MLA45733755043_042021,True,,MCO1658,455,MCO-GRAPHICS_CARDS,MCO15010771,4,True,,,,,,200344407,,,False,False,,MCO850950849,"[{'id': '1', 'type': 'standard', 'amount': 2999000, 'regular_amount': None, 'currency_id': 'COP', 'last_updated': '2022-01-17T14:47:34Z', 'conditions': {'context_restrictions': [], 'start_time': None, 'end_time': None, 'eligible': True}, 'exchange_rate_context': 'DEFAULT', 'metadata': {}}]",{'display_currency': 'COP'},[],[],[],36,83305.56,0,COP,CO-DC,Bogotá D.C.,TUNPQ0NIQTk2OTI1,Chapinero,True,me2,"['self_service_in', 'mandatory_free_shipping']",xd_drop_off,False,,,,,Colombia,Bogotá D.C.,Chapinero,,,4,Gigabyte,Nuevo,GTX 1660 Ti,5,1,1,1
MCO812001900,MCO,Disco Sólido Ssd Interno Kingston Sa400s37/240g 240gb,142000,,COP,2,246,buy_it_now,gold_special,2041-09-18T04:00:00.000Z,new,https://www.mercadolibre.com.co/disco-solido-ssd-interno-kingston-sa400s37240g-240gb/p/MCO6408981,http://http2.mlstatic.com/D_935758-MLA48158657718_112021-I.jpg,935758-MLA48158657718_112021,True,,MCO1672,,MCO-HARD_DRIVES_AND_SSDS,MCO6408981,3,True,,,,,,569706214,,,False,False,,MCO812001900,"[{'id': '35', 'type': 'standard', 'amount': 142000, 'regular_amount': None, 'currency_id': 'COP', 'last_updated': '2022-02-16T02:33:58Z', 'conditions': {'context_restrictions': [], 'start_time': None, 'end_time': None, 'eligible': True}, 'exchange_rate_context': 'DEFAULT', 'metadata': {}}]",{'display_currency': 'COP'},[],[],[],36,3944.44,0,COP,CO-DC,Bogotá D.C.,TUNPQ0tFTjQyODYy,Kennedy,True,me2,"['self_service_out', 'mandatory_free_shipping']",xd_drop_off,False,,,,,Colombia,Bogotá D.C.,Kennedy,,,5,Kingston,Nuevo,SA400S37/240G,5,1,0,1
MCO610550720,MCO,Chasis Corsair Spec 05 Con Fuente Cv 550w 80 Plus Bronze,354500,,COP,1,250,buy_it_now,gold_special,2041-02-27T04:00:00.000Z,new,https://articulo.mercadolibre.com.co/MCO-610550720-chasis-corsair-spec-05-con-fuente-cv-550w-80-plus-bronze-_JM,http://http2.mlstatic.com/D_900112-MCO45097072599_032021-O.jpg,900112-MCO45097072599_032021,True,,MCO441521,,MCO-DESKTOP_COMPUTER_CASES,MCO13932175,2,False,,,,,,157058727,,,False,False,,MCO610550720,"[{'id': '12', 'type': 'standard', 'amount': 354500, 'regular_amount': None, 'currency_id': 'COP', 'last_updated': '2022-02-08T00:00:57Z', 'conditions': {'context_restrictions': [], 'start_time': None, 'end_time': None, 'eligible': True}, 'exchange_rate_context': 'DEFAULT', 'metadata': {}}]",{'display_currency': 'COP'},[],[],[],36,9847.22,0,COP,CO-DC,Bogotá D.C.,TUNPQ0NIQTk2OTI1,Chapinero,True,me2,"['self_service_in', 'mandatory_free_shipping']",cross_docking,False,,,,,Colombia,Bogotá D.C.,Chapinero,,,5,Corsair,Nuevo,SPEC-05,5,1,0,1
MCO644862869,MCO,Tarjeta De Video Nvidia Gigabyte  Geforce 700 Series Gt 710 Gv-n710d3-2gl (rev 2.0) 2gb,330000,,COP,1,91,buy_it_now,gold_special,2041-07-05T04:00:00.000Z,new,https://www.mercadolibre.com.co/tarjeta-de-video-nvidia-gigabyte-geforce-700-series-gt-710-gv-n710d3-2gl-rev-20-2gb/p/MCO17917195,http://http2.mlstatic.com/D_616185-MLA46386278656_062021-I.jpg,616185-MLA46386278656_062021,True,,MCO1658,,MCO-GRAPHICS_CARDS,MCO17917195,1,True,,,,,,207614226,,,False,False,,MCO644862869,"[{'id': '3', 'type': 'standard', 'amount': 330000, 'regular_amount': None, 'currency_id': 'COP', 'last_updated': '2021-11-04T13:20:17Z', 'conditions': {'context_restrictions': [], 'start_time': None, 'end_time': None, 'eligible': True}, 'exchange_rate_context': 'DEFAULT', 'metadata': {}}]",{'display_currency': 'COP'},[],[],[],36,9166.67,0,COP,CO-DC,Bogotá D.C.,TUNPQ0NIQTk2OTI1,Chapinero,True,me2,"['self_service_in', 'mandatory_free_shipping']",cross_docking,False,,,,,Colombia,Bogotá D.C.,Chapinero,,,3,Gigabyte,Nuevo,GT 710,5,1,1,1
